Task Name,Pillar,Category,Status,Priority,Assignee,Due Date,Tags,Effort,Description
Stripe Webhook Configuration,BUILD,Backend,Backlog,High,,2025-11-20,urgent;feature,Medium (3-8h),Configure and test Stripe webhook endpoints for payment processing
API Route Optimization,BUILD,Backend,Backlog,Medium,,2025-11-25,improvement,Small (1-2h),Optimize existing API routes for better performance
Database Setup,BUILD,Backend,Backlog,High,,2025-11-18,feature,Large (1-3d),Set up database schema and connections for user data
Edge Function Deployment,BUILD,Backend,Backlog,Medium,,2025-11-22,feature,Medium (3-8h),Deploy edge functions for global performance
Next.js 14 Setup Verification,BUILD,Frontend,Backlog,High,,2025-11-15,feature,Small (1-2h),Verify Next.js 14 App Router configuration
TailwindCSS Theme Integration,BUILD,Frontend,Backlog,High,,2025-11-16,feature,Medium (3-8h),Integrate Ãœberhochglitzer theme with TailwindCSS tokens
Component Library Setup,BUILD,Frontend,Backlog,Medium,,2025-11-20,feature,Large (1-3d),Create reusable component library with proper documentation
Accessibility Checks,BUILD,Frontend,Backlog,High,,2025-11-19,feature,Medium (3-8h),Run axe-core and Lighthouse accessibility audits
Vercel Deployment Pipeline,BUILD,DevOps,Backlog,High,,2025-11-17,urgent;feature,Medium (3-8h),Configure Vercel deployment for preview and production
CI/CD Workflow Configuration,BUILD,DevOps,Backlog,Medium,,2025-11-18,feature,Medium (3-8h),Set up GitHub Actions workflows for automated testing
Environment Variables Setup,BUILD,DevOps,Backlog,High,,2025-11-16,feature,Small (1-2h),Configure environment variables in Vercel
Monitoring and Logging,BUILD,DevOps,Backlog,Medium,,2025-11-25,feature,Large (1-3d),Implement Sentry and custom logging infrastructure
